city,user_id,user_type,base_cluster,amplitude,phase_base_hours,temp_group,temp_phase,event_type,event_start_day,tou_response_strength
City-A,0,residential,1,1.588155,0.413737,0,3.049895,,-1,0.250000
City-A,1,residential,3,0.750073,-0.725819,2,0.460760,EV,148,0.250000
City-A,2,residential,4,1.226332,-0.379331,2,2.360837,SHOCK,192,0.250000
City-A,3,commercial,5,0.821466,-0.186355,0,3.872147,EV,235,0.550000
City-A,4,residential,6,0.940048,-0.358559,1,4.370864,SHOCK,215,0.250000
City-A,5,residential,7,1.023793,-0.467101,0,0.341724,EV,177,0.250000
City-A,6,residential,3,0.899115,1.955134,0,4.016287,EV,102,0.250000
City-A,7,residential,0,1.094543,0.364436,1,5.283695,,-1,0.250000
City-A,8,commercial,6,1.096295,0.465881,2,1.934694,,-1,0.550000
City-A,9,residential,1,1.110745,-1.007596,1,3.552008,SHOCK,176,0.250000
City-A,10,residential,7,0.625097,0.243672,1,2.738269,,-1,0.250000
City-A,11,residential,4,0.947732,-2.846364,2,6.000851,,-1,0.250000
City-A,12,commercial,6,0.735274,-0.470654,1,5.104076,EV,124,0.550000
City-A,13,residential,3,1.168344,0.135168,0,0.310701,SHOCK,184,0.250000
City-A,14,residential,1,1.771977,-0.388658,2,0.153473,,-1,0.250000
City-A,15,residential,1,0.876852,0.318197,0,5.151046,PV,55,0.250000
City-A,16,mixed,4,1.031463,-1.399010,2,0.934969,PV,154,0.400000
City-A,17,residential,4,0.780583,0.148019,1,6.272874,EV,104,0.250000
City-A,18,mixed,1,1.254211,-0.254147,2,1.916343,,-1,0.400000
City-A,19,residential,0,0.946142,0.587496,0,5.354733,,-1,0.250000
City-A,20,mixed,0,0.959669,0.886875,2,3.677974,,-1,0.400000
City-A,21,residential,1,0.833941,-0.954067,1,2.298778,,-1,0.250000
City-A,22,mixed,4,0.863029,0.941879,2,1.134851,SHOCK,151,0.400000
City-A,23,residential,6,0.930774,-1.402346,2,5.192264,,-1,0.250000
City-A,24,residential,4,0.719582,0.020590,2,3.093757,,-1,0.250000
City-A,25,residential,6,1.199213,0.288282,0,1.749863,SHOCK,151,0.250000
City-A,26,residential,5,0.957361,0.386575,0,2.955131,,-1,0.250000
City-A,27,residential,2,0.851522,1.047716,0,2.166056,,-1,0.250000
City-A,28,mixed,0,0.931416,0.108189,2,6.182762,EV,124,0.400000
City-A,29,mixed,4,0.777156,2.007478,1,6.171481,PV,138,0.400000
City-A,30,residential,0,1.284752,0.506626,1,6.206434,,-1,0.250000
City-A,31,mixed,0,1.262429,-0.133042,1,4.411107,,-1,0.400000
City-A,32,residential,0,2.495384,-1.388858,1,2.032655,PV,132,0.250000
City-A,33,residential,2,1.146641,0.501778,0,5.926139,PV,155,0.250000
City-A,34,residential,5,2.001579,0.887680,0,0.591344,PV,64,0.250000
City-A,35,commercial,1,1.053704,-0.277142,2,1.008089,,-1,0.550000
City-A,36,residential,0,0.801412,1.601220,2,2.341366,PV,157,0.250000
City-A,37,residential,3,1.137566,0.066575,1,2.151089,EV,117,0.250000
City-A,38,residential,1,0.709775,-0.060952,0,2.171311,,-1,0.250000
City-A,39,residential,0,0.631311,0.483841,0,2.118594,,-1,0.250000
City-A,40,residential,4,1.200374,0.733904,1,2.292184,EV,205,0.250000
City-A,41,residential,6,0.685914,-0.633124,0,1.072316,,-1,0.250000
City-A,42,residential,4,0.530356,-0.435076,1,4.549680,PV,59,0.250000
City-A,43,residential,1,0.847003,0.008607,1,3.870971,,-1,0.250000
City-A,44,mixed,6,1.181823,1.668622,1,2.489949,,-1,0.400000
City-A,45,residential,4,1.259155,-0.412339,0,1.137977,,-1,0.250000
City-A,46,residential,7,1.531100,-0.122599,1,5.081817,EV,238,0.250000
City-A,47,residential,0,0.840799,-0.430912,2,3.689814,,-1,0.250000
City-A,48,residential,3,0.842667,-1.588795,0,5.595787,PV,219,0.250000
City-A,49,residential,1,1.196811,0.535120,2,4.615958,EV,105,0.250000
City-A,50,mixed,0,0.708876,1.189861,2,2.915233,EV,114,0.400000
City-A,51,residential,4,0.773024,-0.702757,1,2.250040,EV,211,0.250000
City-A,52,residential,1,0.751048,0.036833,0,2.914488,PV,157,0.250000
City-A,53,residential,4,1.183806,-1.084390,0,0.737036,SHOCK,263,0.250000
City-A,54,residential,0,1.227778,0.313116,0,3.199252,,-1,0.250000
City-A,55,residential,4,1.060352,-0.457862,0,4.359962,,-1,0.250000
City-A,56,residential,3,0.937125,-0.942045,0,0.430973,,-1,0.250000
City-A,57,residential,2,0.693158,-0.241545,2,1.064417,,-1,0.250000
City-A,58,residential,2,0.781673,-0.234431,1,0.425370,EV,134,0.250000
City-A,59,residential,0,0.951130,0.696703,1,4.867619,SHOCK,175,0.250000
City-A,60,residential,4,1.072210,1.400940,0,0.744418,,-1,0.250000
City-A,61,residential,4,0.734778,1.542073,1,2.807140,,-1,0.250000
City-A,62,residential,0,0.916853,1.480963,0,5.339655,,-1,0.250000
City-A,63,residential,5,0.695554,-0.561132,0,0.020114,,-1,0.250000
City-A,64,commercial,5,0.596488,0.359006,0,4.302407,EV,176,0.550000
City-A,65,residential,0,0.987719,-1.040925,2,4.018240,,-1,0.250000
City-A,66,mixed,5,1.025080,0.962522,2,2.474827,,-1,0.400000
City-A,67,residential,1,0.587542,0.238529,0,6.196310,EV,196,0.250000
City-A,68,residential,0,1.214678,-0.872249,0,0.048583,EV,170,0.250000
City-A,69,residential,4,0.727933,-0.385102,2,2.717659,,-1,0.250000
City-A,70,residential,4,1.520531,-0.341972,2,0.722876,,-1,0.250000
City-A,71,residential,4,2.007762,-1.317257,1,6.213003,PV,124,0.250000
City-A,72,residential,1,1.295118,-1.694922,2,5.468495,,-1,0.250000
City-A,73,commercial,4,0.817142,-1.699653,2,5.090706,,-1,0.550000
City-A,74,residential,2,0.405291,-1.433256,1,5.318084,,-1,0.250000
City-A,75,mixed,3,0.881201,1.772449,0,1.024429,PV,88,0.400000
City-A,76,residential,6,2.073379,-0.408632,1,6.232776,,-1,0.250000
City-A,77,residential,0,1.124446,-0.856880,2,3.954019,,-1,0.250000
City-A,78,residential,1,0.795940,0.594038,2,3.604336,,-1,0.250000
City-A,79,residential,0,0.746251,0.177510,0,1.381181,EV,175,0.250000
City-A,80,residential,0,0.922506,-1.758014,1,0.058314,,-1,0.250000
City-A,81,mixed,3,1.030186,0.007354,0,1.279798,,-1,0.400000
City-A,82,residential,7,1.320483,-0.495919,1,0.482167,SHOCK,322,0.250000
City-A,83,commercial,1,0.897253,-0.269229,2,3.373792,PV,150,0.550000
City-A,84,residential,7,2.215107,-1.643914,0,1.556522,,-1,0.250000
City-A,85,residential,2,1.038203,0.196325,0,2.309412,,-1,0.250000
City-A,86,residential,2,0.961042,-0.475974,1,1.070073,EV,174,0.250000
City-A,87,residential,2,1.526493,0.383752,0,0.601871,,-1,0.250000
City-A,88,commercial,0,1.221909,0.639366,1,6.028136,,-1,0.550000
City-A,89,residential,1,1.153150,0.147935,1,1.970828,,-1,0.250000
City-A,90,residential,1,0.986894,-0.988383,0,3.096856,,-1,0.250000
City-A,91,residential,4,1.540736,0.878295,2,1.444939,,-1,0.250000
City-A,92,residential,3,1.135904,0.384879,1,0.827014,SHOCK,101,0.250000
City-A,93,residential,4,2.642713,0.437983,0,1.903759,EV,187,0.250000
City-A,94,residential,7,1.643768,-0.247674,0,0.547796,,-1,0.250000
City-A,95,residential,1,1.387115,0.100716,2,3.885668,,-1,0.250000
City-A,96,residential,1,0.983320,-0.416703,2,4.789417,,-1,0.250000
City-A,97,mixed,4,0.438768,0.082397,2,4.348985,EV,243,0.400000
City-A,98,residential,4,1.391711,0.667902,2,0.162909,EV,165,0.250000
City-A,99,residential,0,1.326123,-1.760733,1,3.037831,,-1,0.250000
City-A,100,commercial,5,0.464749,-0.171612,0,0.566546,,-1,0.550000
City-A,101,residential,1,0.413819,-2.072669,0,5.641580,,-1,0.250000
City-A,102,residential,2,0.934323,-0.783746,2,4.768565,,-1,0.250000
City-A,103,residential,1,0.967335,-1.870464,0,4.979106,,-1,0.250000
City-A,104,commercial,0,1.289319,0.442626,2,1.739376,PV,176,0.550000
City-A,105,residential,6,0.841794,-0.109670,2,1.830510,,-1,0.250000
City-A,106,residential,0,1.109507,1.696747,2,4.308423,EV,229,0.250000
City-A,107,residential,4,0.846151,-1.993824,1,1.386314,,-1,0.250000
City-A,108,residential,0,1.456543,0.128551,0,4.562954,EV,231,0.250000
City-A,109,commercial,0,1.089080,0.082036,2,1.277434,,-1,0.550000
City-A,110,commercial,5,0.876171,1.795031,1,2.372109,PV,109,0.550000
City-A,111,commercial,0,1.549626,-0.104424,1,0.567385,,-1,0.550000
City-A,112,residential,4,1.072955,0.106682,0,0.098585,,-1,0.250000
City-A,113,residential,1,1.056490,1.396439,0,5.809155,,-1,0.250000
City-A,114,residential,4,0.779923,-0.231236,0,3.812925,EV,191,0.250000
City-A,115,residential,5,0.692818,-0.799480,2,2.198178,EV,256,0.250000
City-A,116,residential,0,0.475175,-1.746206,1,1.581123,PV,165,0.250000
City-A,117,residential,4,0.545413,-0.405461,0,5.003264,EV,128,0.250000
City-A,118,commercial,2,1.067092,0.064588,0,3.498068,,-1,0.550000
City-A,119,residential,0,0.929381,-0.796858,1,1.347600,EV,159,0.250000
City-A,120,residential,5,0.803394,1.409020,0,0.661763,EV,110,0.250000
City-A,121,residential,2,0.810845,0.759854,0,2.284287,,-1,0.250000
City-A,122,residential,4,0.678323,-0.819788,2,4.175593,,-1,0.250000
City-A,123,residential,0,0.880075,0.455405,0,2.970083,,-1,0.250000
City-A,124,residential,4,0.787891,-0.442786,1,5.513013,,-1,0.250000
City-A,125,residential,0,2.068648,0.213950,2,1.489240,,-1,0.250000
City-A,126,residential,6,2.164833,-0.344595,1,0.195209,,-1,0.250000
City-A,127,residential,0,1.341411,2.146663,2,5.612412,,-1,0.250000
City-A,128,commercial,3,1.326755,-1.060794,0,4.138804,EV,188,0.550000
City-A,129,residential,4,1.007219,-0.202572,0,5.420288,,-1,0.250000
City-A,130,commercial,0,2.033293,0.512806,0,3.210338,,-1,0.550000
City-A,131,residential,3,1.438022,1.507249,1,6.189710,,-1,0.250000
City-A,132,commercial,1,0.936439,-0.122210,1,5.791041,EV,217,0.550000
City-A,133,commercial,1,0.904042,0.434648,2,0.281615,,-1,0.550000
City-A,134,mixed,4,1.496332,-2.293477,1,4.959548,,-1,0.400000
City-A,135,mixed,0,1.274634,1.638076,0,3.960556,,-1,0.400000
City-A,136,commercial,2,0.707793,0.141259,0,1.611381,EV,116,0.550000
City-A,137,residential,3,0.716445,-0.208845,0,3.961072,SHOCK,72,0.250000
City-A,138,residential,0,0.961428,0.428924,1,5.973479,,-1,0.250000
City-A,139,residential,0,0.779832,1.325576,2,4.958982,,-1,0.250000
City-A,140,residential,1,1.033383,0.019650,2,2.339976,,-1,0.250000
City-A,141,residential,3,0.807448,0.971001,0,6.269822,,-1,0.250000
City-A,142,residential,4,0.795410,1.389138,2,1.188997,PV,129,0.250000
City-A,143,mixed,3,0.779693,1.465473,0,0.170320,,-1,0.400000
City-A,144,residential,3,1.139393,0.920186,2,1.954260,,-1,0.250000
City-A,145,residential,0,0.304154,1.227234,1,0.943992,,-1,0.250000
City-A,146,residential,6,0.993019,1.097620,0,4.358856,EV,80,0.250000
City-A,147,residential,1,0.780525,0.428068,2,2.752593,EV,169,0.250000
City-A,148,residential,2,0.762395,-0.369099,2,5.725353,,-1,0.250000
City-A,149,residential,1,1.638956,-0.768668,0,1.891640,,-1,0.250000
City-A,150,residential,0,0.639541,0.526664,2,4.479717,,-1,0.250000
City-A,151,residential,0,1.529410,-0.385230,0,0.103908,,-1,0.250000
City-A,152,residential,1,1.428294,-1.025050,1,3.069567,EV,175,0.250000
City-A,153,residential,4,1.305343,0.330386,2,2.473109,,-1,0.250000
City-A,154,residential,5,1.476295,0.251333,0,4.124858,EV,227,0.250000
City-A,155,commercial,1,0.476808,1.244735,1,0.661183,,-1,0.550000
City-A,156,residential,0,1.453913,1.016107,0,2.876682,,-1,0.250000
City-A,157,mixed,4,0.911756,0.184073,1,2.016791,,-1,0.400000
City-A,158,residential,1,0.934837,-0.249924,1,3.588436,,-1,0.250000
City-A,159,mixed,6,0.769627,0.747416,2,2.605859,,-1,0.400000
City-A,160,residential,6,1.230018,1.284274,1,1.478953,,-1,0.250000
City-A,161,residential,5,1.168454,0.980244,1,2.033452,,-1,0.250000
City-A,162,mixed,1,1.233552,0.858648,0,4.665273,,-1,0.400000
City-A,163,residential,4,1.755705,0.025272,1,4.803969,,-1,0.250000
City-A,164,residential,1,1.759372,-1.509685,2,2.837973,PV,125,0.250000
City-A,165,residential,0,1.050558,-1.154079,2,2.528452,,-1,0.250000
City-A,166,mixed,0,0.563108,-2.580919,1,5.373723,PV,203,0.400000
City-A,167,residential,4,1.716204,-0.357954,0,5.885903,,-1,0.250000
City-A,168,residential,0,1.885271,-1.005247,2,4.023067,PV,105,0.250000
City-A,169,residential,0,0.993547,1.100321,1,1.735325,SHOCK,162,0.250000
City-A,170,residential,2,0.877799,0.492142,0,2.236918,,-1,0.250000
City-A,171,residential,6,0.708194,2.192859,0,3.043660,,-1,0.250000
City-A,172,residential,7,1.089926,0.259102,2,4.380436,,-1,0.250000
City-A,173,residential,1,0.759566,0.282186,1,5.539998,EV,184,0.250000
City-A,174,commercial,0,0.747565,-0.521591,2,4.370370,,-1,0.550000
City-A,175,residential,5,0.970254,-0.680386,2,5.934531,,-1,0.250000
City-A,176,residential,3,0.822746,-0.876716,0,5.759894,,-1,0.250000
City-A,177,residential,5,0.730211,-1.232176,1,4.199820,,-1,0.250000
City-A,178,residential,1,1.104020,1.325732,1,2.264640,,-1,0.250000
City-A,179,commercial,0,1.140310,0.871000,0,0.699929,EV,77,0.550000
City-A,180,residential,1,1.679629,-1.420103,2,3.103702,,-1,0.250000
City-A,181,mixed,4,0.811364,-1.855285,0,6.067273,EV,181,0.400000
City-A,182,residential,6,1.244047,0.007845,0,4.892878,,-1,0.250000
City-A,183,residential,0,1.029251,1.948076,0,2.149091,,-1,0.250000
City-A,184,residential,1,1.100013,-0.383418,2,2.188878,EV,84,0.250000
City-A,185,residential,1,0.503426,-2.217675,1,5.486911,,-1,0.250000
City-A,186,residential,2,1.369970,-0.148668,0,3.263459,PV,216,0.250000
City-A,187,residential,4,0.518386,-1.312387,2,0.264661,EV,187,0.250000
City-A,188,mixed,7,0.466128,0.364361,0,2.887031,,-1,0.400000
City-A,189,residential,5,1.319542,1.170969,1,0.560128,,-1,0.250000
City-A,190,residential,2,1.102928,-1.697185,1,5.727030,,-1,0.250000
City-A,191,residential,6,0.589245,-0.275491,0,0.548391,,-1,0.250000
City-A,192,commercial,6,1.885147,-0.802857,1,0.147193,EV,109,0.550000
City-A,193,residential,6,1.111314,-0.948155,1,2.462051,EV,167,0.250000
City-A,194,residential,1,1.550275,-0.925938,2,4.478274,PV,113,0.250000
City-A,195,residential,0,0.611100,-0.615927,1,1.526848,,-1,0.250000
City-A,196,commercial,5,1.838144,-0.484905,0,1.324352,PV,62,0.550000
City-A,197,residential,3,1.342117,0.835912,1,5.486507,,-1,0.250000
City-A,198,mixed,2,0.794522,-0.271863,2,5.808889,,-1,0.400000
City-A,199,residential,1,0.924367,-0.565006,1,0.820553,,-1,0.250000
City-A,200,residential,1,0.989440,-0.564459,0,3.438310,,-1,0.250000
City-A,201,residential,5,0.927200,0.619530,2,0.358130,EV,94,0.250000
City-A,202,commercial,4,0.593661,-0.662288,1,0.170792,,-1,0.550000
City-A,203,residential,0,0.872264,0.390675,2,4.960925,SHOCK,321,0.250000
City-A,204,residential,6,1.263586,-0.661355,0,1.683871,,-1,0.250000
City-A,205,commercial,3,0.680980,0.245932,2,5.606441,,-1,0.550000
City-A,206,mixed,5,0.883654,0.544134,0,5.780441,,-1,0.400000
City-A,207,residential,2,1.400194,0.568710,2,6.103227,,-1,0.250000
City-A,208,mixed,6,0.723652,-0.817167,0,2.931232,,-1,0.400000
City-A,209,residential,3,0.877583,-0.426287,1,5.282470,,-1,0.250000
City-A,210,residential,6,0.862317,-0.401118,1,4.736158,,-1,0.250000
City-A,211,residential,4,0.903292,-0.169967,1,6.157973,,-1,0.250000
City-A,212,residential,4,0.864723,1.339481,1,4.045299,,-1,0.250000
City-A,213,residential,0,1.217027,-0.580174,0,2.333236,,-1,0.250000
City-A,214,mixed,5,0.878880,0.428466,2,1.038539,,-1,0.400000
City-A,215,mixed,1,0.858083,-1.116762,2,4.830887,,-1,0.400000
City-A,216,residential,0,1.174464,-0.384654,1,1.237144,EV,232,0.250000
City-A,217,residential,4,0.650082,-1.932084,2,2.470476,EV,199,0.250000
City-A,218,residential,5,0.488545,1.690813,2,3.808633,,-1,0.250000
City-A,219,residential,5,1.388020,1.287736,0,5.086242,,-1,0.250000
City-A,220,residential,0,0.499685,0.208976,2,6.077229,,-1,0.250000
City-A,221,mixed,6,0.614140,2.078480,0,5.589848,,-1,0.400000
City-A,222,residential,6,0.964634,-1.712685,2,3.462479,,-1,0.250000
City-A,223,residential,0,0.666112,-0.306520,2,5.555865,,-1,0.250000
City-A,224,residential,5,1.037926,0.236354,1,1.274391,,-1,0.250000
City-A,225,residential,7,1.547211,0.911888,1,0.677329,,-1,0.250000
City-A,226,residential,1,0.520258,1.505562,2,1.116193,,-1,0.250000
City-A,227,residential,2,1.021225,-0.793830,0,5.354219,,-1,0.250000
City-A,228,commercial,6,1.194031,1.037777,1,1.795906,,-1,0.550000
City-A,229,commercial,0,1.098667,0.618969,2,4.656353,EV,95,0.550000
City-A,230,mixed,2,0.843858,-1.186196,2,5.416265,,-1,0.400000
City-A,231,residential,0,0.992677,0.663184,1,4.133566,,-1,0.250000
City-A,232,residential,1,1.900562,-0.331294,2,5.072938,,-1,0.250000
City-A,233,commercial,4,0.987554,-0.539946,0,3.975483,PV,63,0.550000
City-A,234,residential,0,0.633018,-1.760232,2,4.744850,,-1,0.250000
City-A,235,residential,1,0.822299,-0.727952,1,4.307416,,-1,0.250000
City-A,236,residential,4,0.762882,-0.539076,1,4.670151,,-1,0.250000
City-A,237,residential,7,0.789330,0.300824,2,0.946978,,-1,0.250000
City-A,238,residential,0,0.601192,-1.089384,0,2.097193,,-1,0.250000
City-A,239,residential,0,0.600698,-1.228026,2,2.165772,,-1,0.250000
City-A,240,residential,6,1.196367,-0.632759,1,2.264831,,-1,0.250000
City-A,241,residential,7,1.158793,0.729906,2,3.664434,,-1,0.250000
City-A,242,residential,0,1.022588,-0.693131,0,1.736338,,-1,0.250000
City-A,243,residential,0,1.136769,-2.188417,1,0.583905,,-1,0.250000
City-A,244,residential,0,1.900783,-0.782723,1,3.240852,PV,167,0.250000
City-A,245,commercial,2,1.544087,-1.166754,0,2.460747,,-1,0.550000
City-A,246,residential,4,1.381920,1.910944,1,0.623195,EV,240,0.250000
City-A,247,residential,2,0.903964,0.459308,0,2.108589,,-1,0.250000
City-A,248,commercial,4,1.337913,0.583955,2,0.073236,EV,230,0.550000
City-A,249,residential,4,0.872395,0.626632,0,3.099982,,-1,0.250000
City-A,250,commercial,1,0.919784,-0.406328,1,1.176779,,-1,0.550000
City-A,251,residential,0,0.634270,-0.176878,1,2.041241,,-1,0.250000
City-A,252,residential,6,0.885063,0.291907,2,3.023913,,-1,0.250000
City-A,253,mixed,0,1.178263,-0.336193,2,3.988201,,-1,0.400000
City-A,254,residential,2,1.818079,0.517562,2,3.575957,,-1,0.250000
City-A,255,commercial,6,1.179972,0.710991,2,5.624513,PV,115,0.550000
City-A,256,mixed,1,1.076928,0.258366,1,3.456242,,-1,0.400000
City-A,257,mixed,7,0.736297,0.706689,0,3.468240,,-1,0.400000
City-A,258,residential,6,0.663067,-0.891912,0,1.149961,,-1,0.250000
City-A,259,residential,1,1.082387,0.886783,2,1.570681,,-1,0.250000
City-A,260,mixed,5,1.066525,0.538216,1,5.995266,,-1,0.400000
City-A,261,residential,2,0.675317,0.910026,2,5.862210,PV,205,0.250000
City-A,262,residential,5,1.077100,0.611852,2,0.914728,,-1,0.250000
City-A,263,residential,0,0.816524,-0.677388,1,2.050202,EV,94,0.250000
City-A,264,residential,6,0.740468,-2.023090,2,0.261150,,-1,0.250000
City-A,265,residential,6,0.881404,0.246403,1,2.389450,,-1,0.250000
City-A,266,residential,3,0.582973,-0.104290,2,0.209909,,-1,0.250000
City-A,267,residential,2,0.718487,-1.547362,1,0.934422,,-1,0.250000
City-A,268,commercial,2,0.787645,0.187573,0,0.448725,,-1,0.550000
City-A,269,residential,4,1.049696,0.384460,0,4.190996,,-1,0.250000
City-A,270,mixed,3,0.736124,0.898210,1,0.387046,,-1,0.400000
City-A,271,residential,0,0.541463,-1.133166,1,0.711410,SHOCK,283,0.250000
City-A,272,residential,2,1.591235,1.532785,0,6.066978,,-1,0.250000
City-A,273,residential,4,0.769881,0.644455,0,5.971479,,-1,0.250000
City-A,274,mixed,0,1.491124,-1.738852,1,0.585567,SHOCK,319,0.400000
City-A,275,commercial,0,1.584235,1.562933,1,2.769864,,-1,0.550000
City-A,276,commercial,4,2.401230,-1.320384,0,2.045580,,-1,0.550000
City-A,277,residential,5,0.915571,0.504495,1,4.392874,,-1,0.250000
City-A,278,residential,0,0.656261,0.339087,2,2.239944,,-1,0.250000
City-A,279,mixed,5,0.785250,0.015222,2,2.916374,PV,210,0.400000
City-A,280,residential,0,1.052529,0.197789,2,3.501199,EV,76,0.250000
City-A,281,residential,7,0.713321,-0.100229,0,0.380367,,-1,0.250000
City-A,282,residential,1,1.336510,-1.697864,2,0.080926,EV,130,0.250000
City-A,283,residential,4,1.365889,0.384559,2,6.240966,EV,180,0.250000
City-A,284,residential,6,0.713816,0.280932,1,2.479845,,-1,0.250000
City-A,285,commercial,0,1.511245,0.454983,1,4.453128,,-1,0.550000
City-A,286,mixed,1,0.578321,-1.069008,1,2.381584,,-1,0.400000
City-A,287,residential,1,0.670846,-0.280057,2,1.915989,EV,197,0.250000
City-A,288,commercial,7,0.781121,0.781925,0,1.806979,EV,233,0.550000
City-A,289,mixed,4,1.366431,-0.786322,2,2.311806,,-1,0.400000
City-A,290,residential,0,1.219771,-0.220126,1,1.037045,PV,180,0.250000
City-A,291,residential,0,1.138790,-0.606136,1,3.843401,EV,139,0.250000
City-A,292,residential,0,0.657803,0.716586,2,1.295486,,-1,0.250000
City-A,293,residential,1,1.341747,3.011027,0,5.930036,,-1,0.250000
City-A,294,residential,0,1.437156,-0.098470,1,5.234729,EV,79,0.250000
City-A,295,commercial,0,0.875723,-1.255849,0,2.905298,PV,65,0.550000
City-A,296,commercial,6,1.233497,1.327887,2,4.001373,,-1,0.550000
City-A,297,residential,1,1.187100,-1.060118,2,2.281820,EV,207,0.250000
City-A,298,residential,4,1.357105,1.677188,0,4.320671,,-1,0.250000
City-A,299,residential,0,0.632977,-0.373887,0,2.528511,,-1,0.250000
City-A,300,residential,0,1.292187,-0.166389,0,2.799304,PV,74,0.250000
City-A,301,mixed,0,1.160459,-1.427031,1,6.153172,,-1,0.400000
City-A,302,residential,1,0.603334,1.171971,1,3.429411,EV,111,0.250000
City-A,303,residential,4,0.896257,-0.180479,2,0.887946,EV,123,0.250000
City-A,304,residential,0,0.585794,-0.706011,2,0.552292,EV,200,0.250000
City-A,305,residential,0,1.055100,-0.527020,2,3.137689,EV,182,0.250000
City-A,306,commercial,0,0.693112,0.258452,2,1.348340,,-1,0.550000
City-A,307,mixed,0,1.295026,1.391298,0,2.052450,EV,139,0.400000
City-A,308,residential,1,0.893740,0.685391,0,6.070680,EV,243,0.250000
City-A,309,residential,6,0.861747,-0.398913,2,6.042305,,-1,0.250000
City-A,310,residential,6,1.366654,0.259638,0,3.641876,,-1,0.250000
City-A,311,commercial,0,1.061883,1.197981,2,5.836007,,-1,0.550000
City-A,312,residential,1,1.321193,-0.267270,2,0.543874,,-1,0.250000
City-A,313,residential,0,0.838359,0.288450,1,4.916182,,-1,0.250000
City-A,314,residential,1,0.624018,-0.364790,1,0.233253,,-1,0.250000
City-A,315,commercial,4,1.017452,0.448441,0,4.810911,,-1,0.550000
City-A,316,residential,3,0.834833,0.300347,2,0.167474,SHOCK,287,0.250000
City-A,317,commercial,0,1.304747,2.273305,0,6.132032,,-1,0.550000
City-A,318,residential,1,0.562045,1.505885,0,1.707135,EV,217,0.250000
City-A,319,residential,7,1.457299,1.387621,1,5.706156,,-1,0.250000
City-A,320,residential,0,1.029672,1.692059,0,6.248141,,-1,0.250000
City-A,321,residential,7,0.856250,0.155298,2,3.623696,,-1,0.250000
City-A,322,residential,2,1.195222,-0.013036,1,5.813061,,-1,0.250000
City-A,323,residential,2,0.720448,-0.088400,0,4.586424,,-1,0.250000
City-A,324,residential,0,0.997278,-0.665634,0,0.881414,,-1,0.250000
City-A,325,residential,4,0.662532,-0.456563,1,3.116406,EV,94,0.250000
City-A,326,residential,1,1.032382,-0.896820,1,2.497952,,-1,0.250000
City-A,327,residential,7,1.252858,0.497600,1,4.007408,EV,213,0.250000
City-A,328,residential,1,1.027914,1.623935,2,2.591908,SHOCK,254,0.250000
City-A,329,residential,2,0.812268,-1.032504,2,4.352663,SHOCK,50,0.250000
City-A,330,residential,2,1.134997,-0.850701,1,3.500984,,-1,0.250000
City-A,331,residential,0,0.799279,-0.710191,0,0.251027,,-1,0.250000
City-A,332,residential,3,0.779028,1.786214,0,4.944624,PV,68,0.250000
City-A,333,residential,1,1.346711,1.729462,2,1.047438,,-1,0.250000
City-A,334,residential,5,1.406568,-0.019475,0,4.613331,,-1,0.250000
City-A,335,commercial,2,0.455443,1.023674,1,0.720045,,-1,0.550000
City-A,336,residential,0,0.885583,2.276054,0,2.459586,,-1,0.250000
City-A,337,residential,2,0.797628,0.232314,1,1.874151,,-1,0.250000
City-A,338,residential,5,0.659610,-1.586179,0,1.828989,,-1,0.250000
City-A,339,residential,2,0.808098,-0.570224,0,5.774963,,-1,0.250000
City-A,340,commercial,2,0.773110,0.415019,0,4.543915,PV,37,0.550000
City-A,341,residential,3,1.018330,-0.087188,1,0.741139,EV,109,0.250000
City-A,342,commercial,1,1.294164,-1.033856,0,1.130405,EV,120,0.550000
City-A,343,commercial,1,1.084374,-0.021557,2,2.928762,,-1,0.550000
City-A,344,residential,0,1.222799,-1.516961,0,4.579926,,-1,0.250000
City-A,345,residential,2,1.486808,0.472152,0,5.302180,,-1,0.250000
City-A,346,residential,1,0.600417,1.138284,2,1.817875,,-1,0.250000
City-A,347,residential,4,1.092955,1.011081,0,5.544079,,-1,0.250000
City-A,348,residential,4,0.675606,0.666105,1,6.276620,EV,122,0.250000
City-A,349,residential,0,1.325894,0.469667,0,4.733776,,-1,0.250000
City-A,350,residential,7,0.622514,0.345612,1,1.107877,,-1,0.250000
City-A,351,residential,0,1.174406,0.074349,0,3.102411,,-1,0.250000
City-A,352,residential,3,0.408902,-0.209650,1,2.410492,,-1,0.250000
City-A,353,commercial,0,1.049565,-1.317605,0,2.159693,,-1,0.550000
City-A,354,residential,2,0.747965,0.802659,2,5.367871,,-1,0.250000
City-A,355,residential,0,0.927349,-0.754141,1,0.180564,,-1,0.250000
City-A,356,residential,3,1.009028,-0.819076,1,4.887428,PV,123,0.250000
City-A,357,residential,2,1.066901,1.256905,2,1.620213,,-1,0.250000
City-A,358,residential,1,1.158739,-0.622833,0,4.779770,,-1,0.250000
City-A,359,residential,1,1.607640,-0.652656,1,6.023372,PV,101,0.250000
City-A,360,residential,6,1.260814,-0.942645,0,4.185051,,-1,0.250000
City-A,361,residential,1,1.989537,0.851669,1,0.761322,,-1,0.250000
City-A,362,residential,3,0.791091,-1.081619,1,6.248559,,-1,0.250000
City-A,363,residential,4,0.728485,0.637204,2,5.481881,,-1,0.250000
City-A,364,residential,0,0.691690,-0.108587,1,0.985404,,-1,0.250000
City-A,365,residential,3,1.703339,0.324831,1,0.564608,EV,255,0.250000
City-A,366,residential,5,0.951043,0.161567,1,6.073192,,-1,0.250000
City-A,367,residential,0,0.580468,0.681075,0,4.075530,,-1,0.250000
City-A,368,residential,1,0.978532,-1.183541,1,4.567927,,-1,0.250000
City-A,369,residential,0,0.830841,-0.416038,1,4.003781,,-1,0.250000
City-A,370,commercial,5,0.829312,1.200172,1,5.685634,,-1,0.550000
City-A,371,residential,1,1.362233,0.706054,2,4.067913,EV,120,0.250000
City-A,372,residential,4,1.433897,0.402747,1,2.541710,,-1,0.250000
City-A,373,residential,0,1.362363,0.761199,0,2.935655,,-1,0.250000
City-A,374,mixed,2,0.614832,-0.907569,1,0.159894,,-1,0.400000
City-A,375,residential,0,1.616574,0.498260,1,2.030171,,-1,0.250000
City-A,376,residential,3,1.072579,-0.853884,0,4.110676,,-1,0.250000
City-A,377,residential,1,1.035310,-0.579803,2,2.869357,,-1,0.250000
City-A,378,residential,0,0.692174,0.570933,2,5.088910,EV,113,0.250000
City-A,379,residential,7,1.060399,-1.101169,0,2.752144,,-1,0.250000
City-A,380,residential,5,0.941629,-1.063426,2,4.660170,,-1,0.250000
City-A,381,residential,0,1.170982,-0.245532,0,3.538270,EV,146,0.250000
City-A,382,commercial,7,0.592526,-0.589666,0,2.873845,,-1,0.550000
City-A,383,residential,4,0.596915,-1.617566,0,3.700394,,-1,0.250000
City-A,384,commercial,1,1.565020,2.011420,2,3.992807,,-1,0.550000
City-A,385,residential,0,1.822641,0.634438,2,2.419539,EV,216,0.250000
City-A,386,residential,1,1.280834,-0.957069,0,2.181563,,-1,0.250000
City-A,387,residential,6,1.182548,1.096568,1,3.884115,,-1,0.250000
City-A,388,residential,0,1.303939,1.411000,2,1.566966,PV,207,0.250000
City-A,389,residential,0,0.839009,1.446687,2,4.373546,,-1,0.250000
City-A,390,residential,1,1.245745,0.385280,1,2.624348,SHOCK,203,0.250000
City-A,391,residential,5,1.537757,-0.172634,0,0.959661,,-1,0.250000
City-A,392,residential,0,1.653057,0.903892,1,2.677781,,-1,0.250000
City-A,393,residential,4,0.942770,-0.083853,2,4.472754,,-1,0.250000
City-A,394,mixed,0,0.626553,0.647691,1,4.667297,EV,81,0.400000
City-A,395,residential,3,0.851842,0.369067,2,2.628314,,-1,0.250000
City-A,396,residential,1,1.106669,-1.008298,0,3.963511,SHOCK,90,0.250000
City-A,397,mixed,2,1.397779,-1.411019,0,1.989157,SHOCK,56,0.400000
City-A,398,residential,1,0.652569,0.798853,0,3.913401,,-1,0.250000
City-A,399,commercial,4,1.908019,0.939809,0,0.747386,EV,182,0.550000
City-A,400,residential,2,0.418723,-1.565469,0,1.990161,,-1,0.250000
City-A,401,commercial,5,0.390336,1.007769,2,4.659012,,-1,0.550000
City-A,402,residential,0,0.750479,0.625517,2,5.187757,,-1,0.250000
City-A,403,mixed,1,0.900964,0.520192,0,1.915870,,-1,0.400000
City-A,404,residential,3,1.538698,-0.773888,1,5.116892,EV,187,0.250000
City-A,405,mixed,0,0.674580,-0.343096,1,2.122276,,-1,0.400000
City-A,406,residential,1,1.304639,1.748700,1,0.891927,,-1,0.250000
City-A,407,residential,1,1.528825,-0.218197,1,2.129307,,-1,0.250000
City-A,408,residential,0,0.772442,0.845945,1,4.117284,PV,108,0.250000
City-A,409,residential,2,1.301539,0.219063,0,0.461193,EV,180,0.250000
City-A,410,residential,4,1.301858,0.898496,1,0.950669,,-1,0.250000
City-A,411,residential,0,1.145947,0.284617,2,3.549551,,-1,0.250000
City-A,412,residential,1,1.005095,1.201764,1,1.479777,,-1,0.250000
City-A,413,residential,2,1.181919,0.076087,1,6.047022,,-1,0.250000
City-A,414,commercial,4,0.781042,-0.630724,2,2.896606,,-1,0.550000
City-A,415,residential,6,0.620393,1.971360,1,5.555202,,-1,0.250000
City-A,416,commercial,4,1.456846,0.089195,0,4.079601,,-1,0.550000
City-A,417,residential,5,0.765887,0.408167,2,4.399261,EV,194,0.250000
City-A,418,residential,4,1.944388,-0.256026,2,5.367289,,-1,0.250000
City-A,419,residential,0,1.124072,-0.948419,1,1.695726,EV,221,0.250000
City-A,420,residential,7,0.680969,-0.617332,0,4.637872,,-1,0.250000
City-A,421,mixed,4,1.423947,1.757703,1,6.273226,,-1,0.400000
City-A,422,residential,5,1.048626,0.791193,2,1.440382,PV,208,0.250000
City-A,423,residential,3,0.544262,1.070241,1,5.596673,,-1,0.250000
City-A,424,residential,5,1.696641,-0.218287,1,5.111637,,-1,0.250000
City-A,425,residential,1,0.794794,-1.355098,2,5.945188,,-1,0.250000
City-A,426,residential,1,0.445801,-0.862372,0,2.856432,EV,207,0.250000
City-A,427,residential,6,1.083889,1.129678,2,3.009784,,-1,0.250000
City-A,428,residential,0,0.457177,-2.210014,0,1.183083,PV,174,0.250000
City-A,429,residential,2,1.281969,-1.006920,1,1.617820,,-1,0.250000
City-A,430,residential,5,0.963987,-1.645618,0,3.390286,SHOCK,91,0.250000
City-A,431,residential,1,0.943341,0.473306,0,0.011898,SHOCK,87,0.250000
City-A,432,residential,7,0.698042,1.308433,2,1.366064,,-1,0.250000
City-A,433,residential,7,0.990787,0.492025,0,4.349665,,-1,0.250000
City-A,434,residential,2,1.322973,0.965126,1,4.705889,EV,169,0.250000
City-A,435,residential,1,0.888947,0.068865,0,5.372059,SHOCK,115,0.250000
City-A,436,residential,5,1.645920,0.193958,0,4.666421,,-1,0.250000
City-A,437,residential,0,1.394494,-1.008192,0,4.396879,,-1,0.250000
City-A,438,mixed,5,1.134714,-0.620504,1,3.423783,PV,131,0.400000
City-A,439,residential,0,1.045982,0.513457,0,0.675135,,-1,0.250000
City-A,440,residential,3,1.087280,0.739883,0,6.257791,EV,101,0.250000
City-A,441,residential,1,1.266174,0.954010,2,0.544957,SHOCK,186,0.250000
City-A,442,residential,0,1.680083,0.448931,2,3.697738,PV,112,0.250000
City-A,443,residential,4,0.622488,0.402462,2,0.823163,,-1,0.250000
City-A,444,residential,6,0.964205,0.146336,0,5.990602,,-1,0.250000
City-A,445,commercial,3,1.580071,0.117980,1,2.517368,,-1,0.550000
City-A,446,mixed,3,1.117480,-0.523779,0,3.128505,,-1,0.400000
City-A,447,residential,3,0.775787,-1.798639,2,0.681293,,-1,0.250000
City-A,448,mixed,5,0.935661,-2.106651,0,4.328802,SHOCK,207,0.400000
City-A,449,residential,4,1.162965,-0.501769,2,5.883776,,-1,0.250000
City-A,450,commercial,0,1.837616,0.286538,2,2.054043,,-1,0.550000
City-A,451,commercial,7,0.715519,0.585143,2,3.726916,,-1,0.550000
City-A,452,residential,0,1.248170,-1.463521,0,5.896340,,-1,0.250000
City-A,453,residential,2,0.967589,-1.099795,1,1.141102,,-1,0.250000
City-A,454,residential,4,1.120371,0.349799,1,5.789175,,-1,0.250000
City-A,455,residential,3,0.839079,0.044873,2,6.277803,EV,127,0.250000
City-A,456,residential,2,0.743498,0.238154,1,5.758288,,-1,0.250000
City-A,457,residential,7,0.990403,2.598156,1,3.740331,,-1,0.250000
City-A,458,residential,4,1.269223,1.555897,0,1.467335,,-1,0.250000
City-A,459,residential,0,1.032119,0.912571,0,0.960555,,-1,0.250000
City-A,460,residential,1,1.299935,-0.524178,0,4.036245,,-1,0.250000
City-A,461,residential,0,0.562028,-0.159973,2,1.259793,,-1,0.250000
City-A,462,residential,1,1.527153,-0.986895,0,3.591270,PV,93,0.250000
City-A,463,residential,6,0.952533,0.743233,1,4.703245,,-1,0.250000
City-A,464,residential,1,0.853450,-0.264333,2,1.489180,PV,48,0.250000
City-A,465,residential,1,1.698743,-1.651515,0,4.409115,,-1,0.250000
City-A,466,residential,2,1.380459,-1.291143,0,0.881454,PV,48,0.250000
City-A,467,residential,0,0.916702,0.178355,1,2.070289,,-1,0.250000
City-A,468,residential,0,0.535920,-0.525095,1,5.400267,,-1,0.250000
City-A,469,residential,7,1.887874,0.056655,0,4.295195,,-1,0.250000
City-A,470,residential,5,0.494388,-1.204693,2,4.700249,PV,104,0.250000
City-A,471,commercial,7,1.123696,1.252823,2,5.444751,EV,142,0.550000
City-A,472,residential,5,1.079929,-0.319070,1,3.724404,,-1,0.250000
City-A,473,mixed,3,0.933927,-2.448574,1,5.551264,,-1,0.400000
City-A,474,mixed,5,0.932262,0.106514,0,4.698807,,-1,0.400000
City-A,475,residential,5,0.920382,-0.396014,1,5.287642,,-1,0.250000
City-A,476,residential,1,1.075249,-1.424845,0,5.300314,,-1,0.250000
City-A,477,residential,1,1.796722,-0.761375,1,6.124138,,-1,0.250000
City-A,478,residential,5,1.573207,0.856728,1,1.682212,,-1,0.250000
City-A,479,residential,5,0.646475,-1.618707,1,1.799777,,-1,0.250000
City-A,480,residential,0,0.774310,0.561314,0,1.155324,,-1,0.250000
City-A,481,residential,6,1.091723,-2.068682,2,4.773858,,-1,0.250000
City-A,482,residential,3,0.891382,-0.571030,2,4.527412,PV,143,0.250000
City-A,483,residential,4,0.759967,0.835296,1,2.994513,,-1,0.250000
City-A,484,residential,7,0.968296,1.611402,0,2.239334,,-1,0.250000
City-A,485,residential,3,1.112843,-0.699453,0,3.877802,,-1,0.250000
City-A,486,residential,4,1.410352,0.326923,0,1.372459,PV,125,0.250000
City-A,487,residential,1,1.287036,-1.517709,2,3.491621,EV,101,0.250000
City-A,488,mixed,0,0.945766,-0.705297,1,0.358338,,-1,0.400000
City-A,489,residential,2,0.515909,-1.267515,2,1.871745,,-1,0.250000
City-A,490,residential,0,0.589660,-2.491477,0,4.652793,EV,227,0.250000
City-A,491,residential,1,1.203112,1.369010,0,2.177230,EV,252,0.250000
City-A,492,residential,5,0.629927,2.688868,2,0.486005,EV,165,0.250000
City-A,493,residential,0,0.894383,-1.426362,2,0.097995,,-1,0.250000
City-A,494,mixed,0,1.153778,-1.651711,1,0.230292,,-1,0.400000
City-A,495,residential,3,0.787376,-0.330647,1,5.473553,EV,96,0.250000
City-A,496,residential,0,1.668668,-0.425342,1,3.010419,,-1,0.250000
City-A,497,residential,2,0.727527,0.722035,2,3.803142,,-1,0.250000
City-A,498,residential,4,0.493731,-0.783579,1,2.319039,SHOCK,47,0.250000
City-A,499,residential,0,1.041124,0.136573,1,4.248372,,-1,0.250000
City-A,500,residential,0,0.728967,-1.139481,1,2.804695,,-1,0.250000
City-A,501,residential,1,0.638927,0.683136,1,1.308639,,-1,0.250000
City-A,502,residential,5,0.822950,-0.827332,0,4.794566,,-1,0.250000
City-A,503,commercial,3,1.246445,-0.997459,2,4.540754,,-1,0.550000
City-A,504,mixed,2,1.848417,0.399062,1,5.456928,EV,144,0.400000
City-A,505,commercial,0,1.141626,0.687113,2,3.086868,,-1,0.550000
City-A,506,residential,1,0.544013,0.486700,0,3.845279,,-1,0.250000
City-A,507,commercial,6,0.768332,1.738706,2,5.382506,PV,178,0.550000
City-A,508,residential,2,1.199377,0.402422,2,1.321725,,-1,0.250000
City-A,509,residential,4,1.095261,0.993278,2,4.069093,,-1,0.250000
City-A,510,residential,6,1.311500,1.285922,1,5.479497,,-1,0.250000
City-A,511,mixed,3,1.282637,-0.179079,2,5.139606,,-1,0.400000
City-A,512,residential,7,1.408628,0.869436,2,4.771241,EV,170,0.250000
City-A,513,residential,1,0.871996,-0.181500,1,0.158135,,-1,0.250000
City-A,514,residential,6,0.589900,1.020954,2,3.435123,,-1,0.250000
City-A,515,residential,0,1.228389,-1.256670,1,5.862630,,-1,0.250000
City-A,516,residential,3,1.295302,-0.143446,2,5.304655,,-1,0.250000
City-A,517,commercial,7,0.860822,0.763818,1,6.151815,,-1,0.550000
City-A,518,residential,1,1.174445,1.028869,1,4.545459,,-1,0.250000
City-A,519,residential,1,1.331173,-2.132068,1,3.351304,,-1,0.250000
City-A,520,residential,4,1.402685,0.680259,1,3.549344,,-1,0.250000
City-A,521,residential,4,0.819151,-0.880069,2,1.669046,EV,124,0.250000
City-A,522,residential,0,1.909633,1.285746,1,1.441400,EV,217,0.250000
City-A,523,mixed,3,1.448804,-1.266427,2,0.627723,,-1,0.400000
City-A,524,residential,4,1.384421,-0.077424,2,1.637091,,-1,0.250000
City-A,525,residential,2,0.903080,-0.866672,2,4.639615,,-1,0.250000
City-A,526,residential,1,1.222367,-0.287832,2,2.627992,EV,184,0.250000
City-A,527,residential,0,1.225764,-1.175969,1,1.291127,,-1,0.250000
City-A,528,residential,4,0.631140,-0.161200,0,6.068742,SHOCK,80,0.250000
City-A,529,residential,4,1.584721,-0.677864,2,2.210892,SHOCK,81,0.250000
City-A,530,residential,1,1.758035,1.201203,2,4.237164,,-1,0.250000
City-A,531,residential,0,1.612267,0.226722,2,1.536693,,-1,0.250000
City-A,532,residential,5,1.061791,-1.413652,2,3.079129,EV,120,0.250000
City-A,533,residential,1,0.919890,-0.115128,2,5.845252,,-1,0.250000
City-A,534,commercial,4,1.475040,0.946046,0,3.771047,,-1,0.550000
City-A,535,residential,5,1.158101,0.428066,2,4.534389,,-1,0.250000
City-A,536,residential,2,0.957282,1.356337,1,2.183490,,-1,0.250000
City-A,537,residential,4,0.720396,-1.067630,1,0.620171,SHOCK,149,0.250000
City-A,538,residential,4,0.731187,1.138969,1,6.155191,,-1,0.250000
City-A,539,residential,4,1.632620,-0.158388,2,4.193704,,-1,0.250000
City-A,540,mixed,0,1.034821,-1.148795,1,1.198859,,-1,0.400000
City-A,541,residential,4,1.175908,0.027858,0,5.473340,,-1,0.250000
City-A,542,residential,0,0.811918,-0.400920,2,1.105762,PV,162,0.250000
City-A,543,commercial,0,1.140538,1.202083,1,1.844446,EV,182,0.550000
City-A,544,residential,6,1.100482,-0.430054,2,5.216879,,-1,0.250000
City-A,545,commercial,5,0.710113,-0.355357,1,0.247465,,-1,0.550000
City-A,546,residential,3,1.419118,-0.625707,1,4.508570,,-1,0.250000
City-A,547,residential,5,1.015177,1.874329,2,4.292378,EV,82,0.250000
City-A,548,residential,5,1.358910,-0.515513,0,1.576373,EV,185,0.250000
City-A,549,residential,7,0.814795,0.611124,0,1.802522,EV,194,0.250000
City-A,550,residential,1,0.901561,-0.067871,0,2.351730,,-1,0.250000
City-A,551,commercial,3,1.208167,0.950620,2,2.620568,,-1,0.550000
City-A,552,residential,2,0.563466,-2.000380,0,3.647941,,-1,0.250000
City-A,553,residential,2,0.490256,-0.830922,2,6.002956,EV,154,0.250000
City-A,554,residential,1,1.109885,-3.226616,0,3.990406,,-1,0.250000
City-A,555,commercial,4,0.687056,-1.584455,2,2.691962,EV,134,0.550000
City-A,556,residential,0,0.758476,-1.057046,1,0.749955,,-1,0.250000
City-A,557,residential,6,0.860913,0.426415,1,3.351939,,-1,0.250000
City-A,558,mixed,0,0.636121,-0.251248,1,1.076742,EV,100,0.400000
City-A,559,residential,0,0.855859,-0.237415,1,4.066503,EV,136,0.250000
City-A,560,residential,1,0.908573,1.049019,2,4.265655,PV,188,0.250000
City-A,561,residential,4,1.187672,-1.114149,1,2.989051,EV,92,0.250000
City-A,562,residential,4,0.652082,-1.641620,2,3.160737,,-1,0.250000
City-A,563,mixed,5,0.746251,-0.412944,1,2.429466,SHOCK,122,0.400000
City-A,564,residential,2,0.852581,-1.451513,0,3.397084,,-1,0.250000
City-A,565,residential,5,0.784600,-0.143998,1,3.601153,,-1,0.250000
City-A,566,residential,6,0.818511,-2.545593,1,3.228775,,-1,0.250000
City-A,567,commercial,5,0.736571,0.746438,2,5.875634,,-1,0.550000
City-A,568,residential,1,1.496716,-0.093913,2,2.778893,,-1,0.250000
City-A,569,residential,1,0.673302,1.206601,1,4.556829,,-1,0.250000
City-A,570,residential,3,0.573872,-0.784582,0,5.991208,EV,97,0.250000
City-A,571,residential,0,0.843612,1.598583,2,1.133202,,-1,0.250000
City-A,572,residential,0,1.263232,-0.903355,0,4.548182,,-1,0.250000
City-A,573,residential,0,0.889602,0.016245,0,4.641216,EV,222,0.250000
City-A,574,residential,7,0.692714,0.647914,2,1.713439,SHOCK,241,0.250000
City-A,575,residential,1,1.886870,-1.245522,2,1.907005,,-1,0.250000
City-A,576,residential,1,1.498827,-2.386465,2,5.988692,,-1,0.250000
City-A,577,residential,4,1.376166,-2.330786,2,0.966303,,-1,0.250000
City-A,578,residential,4,1.015088,1.273647,0,1.743366,EV,75,0.250000
City-A,579,residential,4,0.692564,0.244532,0,5.439512,,-1,0.250000
City-A,580,residential,0,1.046622,-0.306109,2,0.379962,,-1,0.250000
City-A,581,residential,0,2.076349,-0.085431,2,2.632642,,-1,0.250000
City-A,582,commercial,6,1.337045,0.917828,2,2.021073,,-1,0.550000
City-A,583,residential,3,1.227926,1.764650,2,5.561567,,-1,0.250000
City-A,584,residential,2,0.654845,-0.129586,2,3.274811,PV,93,0.250000
City-A,585,commercial,6,1.788339,-0.662937,2,3.259901,PV,119,0.550000
City-A,586,commercial,2,0.976638,-2.335668,2,1.260747,,-1,0.550000
City-A,587,mixed,0,1.722930,-0.981470,1,0.726508,,-1,0.400000
City-A,588,residential,4,1.169014,0.576719,2,4.263899,,-1,0.250000
City-A,589,residential,3,0.712227,1.272990,1,3.996956,PV,43,0.250000
City-A,590,residential,2,0.745788,0.525815,1,2.813808,,-1,0.250000
City-A,591,residential,4,0.640640,1.106017,0,0.184491,EV,79,0.250000
City-A,592,residential,5,1.069631,0.156299,1,2.461480,,-1,0.250000
City-A,593,commercial,5,1.014287,0.277921,0,2.206041,PV,122,0.550000
City-A,594,residential,3,0.386413,0.206735,2,2.669738,,-1,0.250000
City-A,595,residential,3,0.941751,-0.268437,2,0.875319,PV,97,0.250000
City-A,596,residential,0,0.727784,0.303714,1,0.269309,,-1,0.250000
City-A,597,residential,1,1.552129,-2.627213,0,3.816652,EV,151,0.250000
City-A,598,residential,4,0.877269,2.032358,2,1.950244,,-1,0.250000
City-A,599,mixed,7,0.781799,-0.073213,1,0.950030,,-1,0.400000
City-A,600,residential,2,0.721813,1.331549,1,0.314279,,-1,0.250000
City-A,601,residential,4,1.084826,-1.351754,0,2.470007,,-1,0.250000
City-A,602,residential,5,1.760898,0.980039,1,4.280575,,-1,0.250000
City-A,603,residential,7,0.911666,-0.768760,2,5.015730,,-1,0.250000
City-A,604,commercial,5,1.335301,-0.413064,1,6.041001,EV,197,0.550000
City-A,605,residential,5,1.580517,-0.858743,1,3.055147,EV,208,0.250000
City-A,606,residential,0,0.969312,0.546738,0,4.262274,,-1,0.250000
City-A,607,residential,1,1.120230,-0.783219,1,2.759281,,-1,0.250000
City-A,608,residential,1,0.955291,0.066299,0,2.601528,,-1,0.250000
City-A,609,residential,5,1.681392,0.462830,0,4.955319,EV,200,0.250000
City-A,610,commercial,4,1.598516,0.381748,2,5.291434,,-1,0.550000
City-A,611,residential,5,0.588212,0.822274,2,0.537451,SHOCK,291,0.250000
City-A,612,residential,5,1.267823,-0.535919,1,4.178915,,-1,0.250000
City-A,613,residential,3,1.186215,-1.372834,1,5.571806,,-1,0.250000
City-A,614,residential,1,2.695969,1.154651,1,5.076750,PV,189,0.250000
City-A,615,residential,1,1.419303,1.066177,0,0.001991,,-1,0.250000
City-A,616,mixed,3,0.969882,0.896041,1,4.287957,,-1,0.400000
City-A,617,residential,0,1.237459,1.901402,0,1.625837,,-1,0.250000
City-A,618,commercial,0,0.836052,-1.155325,2,2.569453,,-1,0.550000
City-A,619,residential,3,1.168910,-0.466347,1,1.696380,,-1,0.250000
City-A,620,residential,4,0.981648,2.127904,2,1.865602,EV,112,0.250000
City-A,621,residential,1,0.979045,-0.850675,2,2.052551,,-1,0.250000
City-A,622,residential,5,0.393839,-0.177866,2,1.914569,,-1,0.250000
City-A,623,residential,0,0.583770,1.313065,2,1.055571,,-1,0.250000
City-A,624,commercial,4,1.531587,0.911117,2,3.117188,,-1,0.550000
City-A,625,residential,0,1.001773,1.185697,2,4.810650,,-1,0.250000
City-A,626,commercial,6,1.468854,2.071824,2,2.135207,EV,164,0.550000
City-A,627,residential,0,0.840227,-0.830683,2,5.065140,,-1,0.250000
City-A,628,residential,0,0.930858,-1.251912,2,4.001423,SHOCK,108,0.250000
City-A,629,mixed,0,1.440192,0.487082,1,6.045311,EV,204,0.400000
City-A,630,mixed,4,0.882245,-1.626543,1,2.973183,,-1,0.400000
City-A,631,commercial,5,1.154417,-0.838927,0,0.700356,,-1,0.550000
City-A,632,residential,2,0.602303,0.185592,0,2.060994,PV,134,0.250000
City-A,633,residential,5,1.078111,-1.075798,1,4.034231,,-1,0.250000
City-A,634,residential,0,1.300671,1.269570,1,5.239182,,-1,0.250000
City-A,635,residential,1,0.928825,-1.901568,0,4.256627,PV,46,0.250000
City-A,636,residential,1,1.573275,-0.662869,0,4.016373,,-1,0.250000
City-A,637,commercial,0,0.713476,1.213133,1,6.109914,PV,211,0.550000
City-A,638,residential,4,1.306309,0.021044,1,0.422138,,-1,0.250000
City-A,639,residential,0,1.701070,-0.513428,1,1.557735,,-1,0.250000
City-A,640,residential,4,1.064150,-0.173987,1,5.605198,,-1,0.250000
City-A,641,mixed,6,1.538144,-0.413061,0,0.907379,,-1,0.400000
City-A,642,residential,6,0.755485,-1.085741,0,5.109344,,-1,0.250000
City-A,643,commercial,4,1.408432,1.209715,2,4.822149,SHOCK,53,0.550000
City-A,644,mixed,4,0.978206,-0.021713,1,6.157275,PV,43,0.400000
City-A,645,residential,0,0.979195,-1.653977,2,3.894865,,-1,0.250000
City-A,646,mixed,1,1.207908,1.268563,1,2.914330,EV,240,0.400000
City-A,647,residential,0,0.892579,-0.927446,2,4.409980,,-1,0.250000
City-A,648,residential,2,1.531961,0.222666,2,2.494751,,-1,0.250000
City-A,649,residential,1,0.963401,-0.276639,2,5.741521,,-1,0.250000
City-A,650,residential,0,0.956218,0.412762,2,3.560494,,-1,0.250000
City-A,651,residential,5,0.835969,-1.060233,1,5.660505,,-1,0.250000
City-A,652,commercial,1,1.300859,0.157451,0,2.255906,,-1,0.550000
City-A,653,residential,6,1.044773,-0.911943,1,0.303138,,-1,0.250000
City-A,654,residential,1,0.662011,1.226144,1,2.083949,,-1,0.250000
City-A,655,residential,0,0.945279,1.276434,1,3.660646,,-1,0.250000
City-A,656,commercial,2,1.300064,-0.046635,2,4.000979,EV,124,0.550000
City-A,657,mixed,1,0.776212,-0.616823,1,1.441651,,-1,0.400000
City-A,658,mixed,5,1.153095,-0.378146,0,3.034360,EV,76,0.400000
City-A,659,residential,3,0.914700,1.438083,1,2.216175,,-1,0.250000
City-A,660,mixed,5,0.731210,-0.403620,1,0.965028,,-1,0.400000
City-A,661,residential,2,0.806294,-0.673893,1,3.026445,PV,208,0.250000
City-A,662,residential,0,0.894939,-1.085710,1,2.795591,,-1,0.250000
City-A,663,mixed,0,1.472658,0.579279,1,3.677513,,-1,0.400000
City-A,664,residential,3,1.034666,-0.569311,1,6.073855,SHOCK,98,0.250000
City-A,665,mixed,1,1.284079,-0.537119,2,1.415366,EV,154,0.400000
City-A,666,residential,4,0.544639,-1.196121,2,4.006594,,-1,0.250000
City-A,667,residential,1,0.590761,-1.802681,2,5.025428,,-1,0.250000
City-A,668,residential,0,0.692926,1.792260,2,1.306010,EV,140,0.250000
City-A,669,commercial,2,0.981180,-0.114233,0,1.851130,EV,147,0.550000
City-A,670,residential,5,1.152444,1.137114,0,4.812503,,-1,0.250000
City-A,671,commercial,4,0.877559,1.001150,2,1.815193,,-1,0.550000
City-A,672,commercial,1,1.973347,1.790868,0,2.361824,,-1,0.550000
City-A,673,residential,4,1.461623,0.634114,1,4.946588,EV,256,0.250000
City-A,674,mixed,1,1.019873,-0.732281,1,0.876868,,-1,0.400000
City-A,675,mixed,3,0.785601,-1.898114,0,4.672066,EV,96,0.400000
City-A,676,mixed,0,0.694639,0.901040,0,1.406058,,-1,0.400000
City-A,677,residential,4,1.091590,-0.650448,2,4.272059,,-1,0.250000
City-A,678,commercial,2,0.838668,0.875091,1,4.837712,EV,208,0.550000
City-A,679,residential,0,1.044363,-0.438122,0,3.026956,,-1,0.250000
City-A,680,residential,4,1.472309,-0.149276,1,1.464781,EV,126,0.250000
City-A,681,residential,4,1.143582,-0.522766,1,1.901902,,-1,0.250000
City-A,682,residential,1,1.595743,-0.258214,2,5.046442,PV,152,0.250000
City-A,683,residential,1,1.258889,0.945022,1,1.182608,,-1,0.250000
City-A,684,residential,5,1.042931,-0.054761,2,4.627082,,-1,0.250000
City-A,685,residential,6,0.861531,1.965453,0,4.252762,EV,109,0.250000
City-A,686,residential,7,0.805705,-1.063615,2,5.650367,,-1,0.250000
City-A,687,commercial,1,0.654022,-0.003344,2,5.130411,,-1,0.550000
City-A,688,residential,4,1.611232,-1.249202,1,1.957736,,-1,0.250000
City-A,689,residential,3,1.099846,-0.394742,1,6.131418,,-1,0.250000
City-A,690,residential,2,1.428334,0.936940,2,2.454651,PV,125,0.250000
City-A,691,residential,1,0.709910,-1.607261,1,4.000935,,-1,0.250000
City-A,692,residential,1,0.840684,-0.301714,1,5.758174,,-1,0.250000
City-A,693,residential,5,0.778863,-0.020964,2,1.364217,SHOCK,78,0.250000
City-A,694,commercial,1,0.757194,0.865986,1,5.176563,,-1,0.550000
City-A,695,residential,3,0.955669,1.130734,0,3.871772,EV,193,0.250000
City-A,696,mixed,4,1.035977,1.990897,2,0.912201,EV,85,0.400000
City-A,697,residential,6,1.008804,-0.478069,0,3.213245,SHOCK,316,0.250000
City-A,698,residential,5,0.389772,0.259322,0,5.615772,,-1,0.250000
City-A,699,commercial,1,1.183771,-0.305497,0,5.642381,PV,191,0.550000
City-A,700,residential,5,0.558424,0.585051,2,2.232225,,-1,0.250000
City-A,701,residential,5,1.327593,0.188807,1,4.275118,,-1,0.250000
City-A,702,residential,6,1.209283,-2.332371,0,1.579288,EV,174,0.250000
City-A,703,residential,0,0.752293,-0.570863,2,1.871686,,-1,0.250000
City-A,704,residential,4,1.601469,-0.558401,2,4.457552,,-1,0.250000
City-A,705,residential,5,0.980584,-0.432661,2,0.166036,,-1,0.250000
City-A,706,residential,1,1.354216,-1.221443,0,5.216315,,-1,0.250000
City-A,707,residential,0,1.258278,-0.827726,0,1.550082,EV,224,0.250000
City-A,708,residential,4,1.339563,-1.176803,0,2.940440,EV,117,0.250000
City-A,709,mixed,0,0.849228,-1.294257,1,0.224799,,-1,0.400000
City-A,710,residential,5,1.378230,-0.059397,2,0.768941,,-1,0.250000
City-A,711,residential,1,1.678647,-0.560233,2,5.161821,,-1,0.250000
City-A,712,residential,0,1.289816,-0.135397,0,5.632097,,-1,0.250000
City-A,713,mixed,2,1.050646,0.078384,0,3.596275,EV,213,0.400000
City-A,714,residential,0,0.972539,-0.678157,2,3.744429,,-1,0.250000
City-A,715,residential,0,0.754388,0.293309,1,1.494266,EV,249,0.250000
City-A,716,commercial,0,2.459071,0.335916,1,0.285921,,-1,0.550000
City-A,717,residential,6,1.266309,1.242914,0,1.087613,PV,145,0.250000
City-A,718,residential,7,0.944766,-0.894969,0,1.439956,EV,88,0.250000
City-A,719,residential,3,0.955036,1.174683,0,2.673152,PV,117,0.250000
City-A,720,residential,5,0.709555,0.154900,1,3.128565,,-1,0.250000
City-A,721,commercial,0,1.016115,-1.213083,2,3.626087,,-1,0.550000
City-A,722,residential,4,0.692926,0.192434,1,3.648996,,-1,0.250000
City-A,723,mixed,4,1.114290,-1.858205,1,4.767082,,-1,0.400000
City-A,724,residential,4,0.813352,-0.126350,0,1.785444,,-1,0.250000
City-A,725,residential,7,1.890384,-0.307625,0,3.608593,,-1,0.250000
City-A,726,residential,1,0.973823,2.132278,1,5.889963,EV,217,0.250000
City-A,727,residential,5,1.322088,0.032799,0,4.805522,,-1,0.250000
City-A,728,residential,3,0.846903,-0.379769,1,4.160642,,-1,0.250000
City-A,729,mixed,7,1.918790,0.187926,2,1.612277,,-1,0.400000
City-A,730,residential,4,0.934937,1.522458,2,1.424936,EV,186,0.250000
City-A,731,residential,0,0.467685,0.895529,1,5.800284,PV,40,0.250000
City-A,732,residential,1,1.222610,0.166999,1,2.692928,,-1,0.250000
City-A,733,residential,1,0.642834,-0.700145,1,3.730366,,-1,0.250000
City-A,734,residential,1,0.651143,-0.452841,2,0.687185,EV,73,0.250000
City-A,735,residential,0,1.466857,0.312087,0,5.946559,,-1,0.250000
City-A,736,residential,2,0.607850,0.671904,2,3.103696,,-1,0.250000
City-A,737,residential,1,0.950540,-0.982264,1,3.079637,,-1,0.250000
City-A,738,mixed,0,1.307614,0.607269,2,4.367233,,-1,0.400000
City-A,739,residential,2,1.291260,-1.301739,1,3.201143,EV,238,0.250000
City-A,740,residential,5,0.591832,-0.214341,2,2.867621,PV,217,0.250000
City-A,741,residential,0,0.694691,0.423707,2,2.177194,,-1,0.250000
City-A,742,residential,3,1.281655,1.612498,1,3.124881,,-1,0.250000
City-A,743,mixed,4,1.344489,-0.658500,2,3.990395,SHOCK,300,0.400000
City-A,744,residential,1,0.999965,-0.070719,0,3.445311,SHOCK,176,0.250000
City-A,745,residential,0,1.953801,-1.806648,0,1.201594,,-1,0.250000
City-A,746,mixed,4,1.222361,-0.355792,0,2.941561,SHOCK,196,0.400000
City-A,747,mixed,1,1.165714,-1.225644,2,2.013595,EV,81,0.400000
City-A,748,residential,1,1.516112,-1.655094,1,2.191515,EV,181,0.250000
City-A,749,mixed,0,2.094206,1.915106,0,4.934386,,-1,0.400000
City-A,750,residential,2,1.323378,0.426348,2,2.610720,,-1,0.250000
City-A,751,residential,4,0.710054,1.353561,1,2.578024,PV,182,0.250000
City-A,752,residential,4,0.936369,1.334723,2,2.966722,,-1,0.250000
City-A,753,residential,4,1.607613,-0.767665,0,1.709697,,-1,0.250000
City-A,754,residential,1,1.300537,-0.972712,0,5.736455,,-1,0.250000
City-A,755,residential,6,0.864779,0.720474,0,5.087973,,-1,0.250000
City-A,756,residential,6,2.405850,-0.013160,0,3.611603,PV,166,0.250000
City-A,757,residential,1,0.775436,1.342849,2,3.485752,,-1,0.250000
City-A,758,residential,1,1.139057,0.019117,0,1.487428,,-1,0.250000
City-A,759,residential,4,0.827494,-0.780933,0,5.337469,PV,37,0.250000
City-A,760,residential,3,1.297912,-0.242075,0,0.218035,,-1,0.250000
City-A,761,mixed,4,1.075097,0.098567,2,2.824112,,-1,0.400000
City-A,762,residential,3,1.193559,-0.079964,1,0.480461,,-1,0.250000
City-A,763,residential,4,1.074329,-0.427731,2,1.209533,,-1,0.250000
City-A,764,residential,4,1.692391,-1.389181,2,4.695995,,-1,0.250000
City-A,765,mixed,6,0.847135,0.944242,2,3.359260,,-1,0.400000
City-A,766,residential,6,0.965083,-0.007830,2,3.911938,,-1,0.250000
City-A,767,residential,0,0.859730,0.594614,1,3.294833,,-1,0.250000
City-A,768,residential,4,0.655216,0.188135,2,2.495345,EV,196,0.250000
City-A,769,residential,6,2.735005,0.696360,2,0.313787,EV,97,0.250000
City-A,770,residential,1,0.536125,0.790126,0,2.887333,,-1,0.250000
City-A,771,residential,0,0.934054,0.302105,2,4.701676,,-1,0.250000
City-A,772,residential,6,0.806814,0.287012,2,2.706855,,-1,0.250000
City-A,773,residential,4,0.669739,0.031876,0,1.610326,EV,170,0.250000
City-A,774,residential,1,1.023310,0.630998,2,4.385823,,-1,0.250000
City-A,775,residential,0,1.181063,1.008145,2,1.584729,EV,204,0.250000
City-A,776,residential,4,1.158016,-0.740433,2,5.105913,EV,228,0.250000
City-A,777,residential,1,0.640098,0.563645,0,2.759376,EV,166,0.250000
City-A,778,residential,6,0.835108,-0.158031,0,5.209804,PV,98,0.250000
City-A,779,residential,3,1.400198,-0.365297,1,3.380079,,-1,0.250000
City-A,780,residential,3,1.111483,-0.143231,2,5.248614,,-1,0.250000
City-A,781,mixed,0,0.763397,0.330408,1,1.780869,,-1,0.400000
City-A,782,residential,0,0.629102,-0.681664,2,5.953054,PV,66,0.250000
City-A,783,residential,1,0.737714,0.844760,0,2.375008,,-1,0.250000
City-A,784,mixed,2,0.894052,0.169579,0,0.312488,,-1,0.400000
City-A,785,residential,1,0.609334,2.429916,0,0.956985,,-1,0.250000
City-A,786,residential,4,0.908759,0.695773,0,0.189328,,-1,0.250000
City-A,787,mixed,0,0.991291,0.804427,2,3.484548,PV,149,0.400000
City-A,788,residential,2,0.655666,-0.613368,2,3.788567,,-1,0.250000
City-A,789,commercial,4,1.278299,-1.762728,1,1.585872,PV,178,0.550000
City-A,790,mixed,6,0.852704,-0.371862,2,0.260037,,-1,0.400000
City-A,791,residential,6,0.736725,0.381849,1,5.394516,PV,158,0.250000
City-A,792,mixed,2,1.289818,-2.157726,0,1.346698,,-1,0.400000
City-A,793,mixed,4,0.924995,0.107895,2,5.140864,PV,129,0.400000
City-A,794,commercial,0,1.506611,1.974374,2,4.694157,,-1,0.550000
City-A,795,mixed,3,1.812407,-1.266238,2,5.010504,,-1,0.400000
City-A,796,residential,7,1.457191,-0.836391,0,1.433682,PV,170,0.250000
City-A,797,residential,0,1.543104,-0.311636,1,3.616551,,-1,0.250000
City-A,798,residential,2,0.838757,-0.172950,2,2.087670,,-1,0.250000
City-A,799,residential,4,1.774025,2.104757,1,0.471476,,-1,0.250000
